Activity,Id_Leg,Checkin,Start,Dep,Arr,End,Checkout,Tempo Operacao,Tempo Apresentacao,Tempo Corte,Tempo Solo,Tempo Jornada,Tempo Repouso,Tempo Repouso Extra Simples,Tempo Repouso Extra Composta,Tempo Repouso Extra Revezamento,Tempo Reserva,Tempo Plantao,Tempo Treinamento
LA3391,-I,2026-06-01 03:45:00,2026-06-01 04:15:00,PNZ,GRU,2026-06-01 07:00:00,2026-06-01 07:00:00,0 days 02:45:00,0 days 00:30:00,,0 days 01:25:00,,,,,,,,
LA4668,-M,2026-06-01 03:45:00,2026-06-01 08:25:00,GRU,JOI,2026-06-01 09:35:00,2026-06-01 09:35:00,0 days 01:10:00,,,0 days 00:40:00,,,,,,,,
LA4661,-F,2026-06-01 03:45:00,2026-06-01 10:15:00,JOI,GRU,2026-06-01 11:25:00,2026-06-01 11:55:00,0 days 01:10:00,,0 days 00:30:00,,0 days 08:10:00,0 days 18:35:00,0 days 06:35:00,0 days 02:35:00,-1 days +18:35:00,,,
CMA,-IF,2026-06-02 06:30:00,2026-06-02 06:30:00,GRU,GRU,2026-06-02 12:00:00,2026-06-02 12:00:00,0 days 05:30:00,,,,0 days 05:30:00,1 days 05:36:00,0 days 17:36:00,0 days 13:36:00,0 days 05:36:00,,,
DO,-IF,2026-06-03 17:36:00,2026-06-03 17:36:00,GRU,GRU,2026-06-04 17:35:00,2026-06-04 17:35:00,0 days 23:59:00,,,,0 days 23:59:00,0 days 00:01:00,-1 days +12:01:00,-1 days +08:01:00,-1 days +00:01:00,,,
DO,-IF,2026-06-04 17:36:00,2026-06-04 17:36:00,GRU,GRU,2026-06-05 17:35:00,2026-06-05 17:35:00,0 days 23:59:00,,,,0 days 23:59:00,0 days 00:01:00,-1 days +12:01:00,-1 days +08:01:00,-1 days +00:01:00,,,
DO,-IF,2026-06-05 17:36:00,2026-06-05 17:36:00,GRU,GRU,2026-06-06 17:35:00,2026-06-06 17:35:00,0 days 23:59:00,,,,0 days 23:59:00,0 days 00:15:00,-1 days +12:15:00,-1 days +08:15:00,-1 days +00:15:00,,,
ASB,-IF,2026-06-06 17:50:00,2026-06-06 17:50:00,GRU,GRU,2026-06-06 23:50:00,2026-06-06 23:50:00,0 days 06:00:00,,,,0 days 06:00:00,0 days 12:10:00,0 days 00:10:00,-1 days +20:10:00,-1 days +12:10:00,0 days 06:00:00,,
HSB,-IF,2026-06-07 12:00:00,2026-06-07 12:00:00,GRU,GRU,2026-06-07 23:00:00,2026-06-07 23:00:00,0 days 11:00:00,,,,0 days 11:00:00,0 days 12:38:00,0 days 00:38:00,-1 days +20:38:00,-1 days +12:38:00,,0 days 11:00:00,
LA3822,-I,2026-06-08 11:38:00,2026-06-08 12:30:00,GRU,XAP,2026-06-08 14:10:00,2026-06-08 14:10:00,0 days 01:40:00,0 days 00:52:00,,0 days 00:40:00,,,,,,,,
LA3823,-M,2026-06-08 11:38:00,2026-06-08 14:50:00,XAP,GRU,2026-06-08 16:25:00,2026-06-08 16:25:00,0 days 01:35:00,,,0 days 02:25:00,,,,,,,,
LA3316,-F,2026-06-08 11:38:00,2026-06-08 18:50:00,GRU,FOR,2026-06-08 22:15:00,2026-06-08 22:45:00,0 days 03:25:00,,0 days 00:30:00,,0 days 11:07:00,0 days 15:10:00,0 days 03:10:00,-1 days +23:10:00,-1 days +15:10:00,,,
LA3524,-I,2026-06-09 13:55:00,2026-06-09 14:30:00,FOR,BEL,2026-06-09 16:30:00,2026-06-09 16:30:00,0 days 02:00:00,0 days 00:35:00,,0 days 00:45:00,,,,,,,,
LA3233,-M,2026-06-09 13:55:00,2026-06-09 17:15:00,BEL,GRU,2026-06-09 20:55:00,2026-06-09 20:55:00,0 days 03:40:00,,,0 days 01:45:00,,,,,,,,
LA3308,-F,2026-06-09 13:55:00,2026-06-09 22:40:00,GRU,FLN,2026-06-09 23:55:00,2026-06-10 00:25:00,0 days 01:15:00,,0 days 00:30:00,,0 days 10:30:00,0 days 14:20:00,0 days 02:20:00,-1 days +22:20:00,-1 days +14:20:00,,,
LA3303,-I,2026-06-10 14:45:00,2026-06-10 15:20:00,FLN,GRU,2026-06-10 16:50:00,2026-06-10 16:50:00,0 days 01:30:00,0 days 00:35:00,,0 days 02:00:00,,,,,,,,
LA3316,-F,2026-06-10 14:45:00,2026-06-10 18:50:00,GRU,FOR,2026-06-10 22:15:00,2026-06-10 22:45:00,0 days 03:25:00,,0 days 00:30:00,,0 days 08:00:00,0 days 15:00:00,0 days 03:00:00,-1 days +23:00:00,-1 days +15:00:00,,,
LA3525,-I,2026-06-11 13:45:00,2026-06-11 14:20:00,FOR,MAO,2026-06-11 16:45:00,2026-06-11 16:45:00,0 days 02:25:00,0 days 00:35:00,,0 days 01:35:00,,,,,,,,
LA3567,-F,2026-06-11 13:45:00,2026-06-11 18:20:00,MAO,GRU,2026-06-11 23:10:00,2026-06-11 23:40:00,0 days 04:50:00,,0 days 00:30:00,,0 days 09:55:00,0 days 21:19:00,0 days 09:19:00,0 days 05:19:00,-1 days +21:19:00,,,
OFF,-IF,2026-06-12 20:59:00,2026-06-12 20:59:00,GRU,GRU,2026-06-12 23:59:00,2026-06-12 23:59:00,0 days 03:00:00,,,,0 days 03:00:00,0 days 00:01:00,-1 days +12:01:00,-1 days +08:01:00,-1 days +00:01:00,,,
DOF,-IF,2026-06-13 00:00:00,2026-06-13 00:00:00,GRU,GRU,2026-06-13 23:59:00,2026-06-13 23:59:00,0 days 23:59:00,,,,0 days 23:59:00,0 days 00:01:00,-1 days +12:01:00,-1 days +08:01:00,-1 days +00:01:00,,,
DOF,-IF,2026-06-14 00:00:00,2026-06-14 00:00:00,GRU,GRU,2026-06-14 23:59:00,2026-06-14 23:59:00,0 days 23:59:00,,,,0 days 23:59:00,0 days 02:01:00,-1 days +14:01:00,-1 days +10:01:00,-1 days +02:01:00,,,
HSB,-IF,2026-06-15 02:00:00,2026-06-15 02:00:00,CGH,CGH,2026-06-15 12:00:00,2026-06-15 12:00:00,0 days 10:00:00,,,,0 days 10:00:00,0 days 23:28:00,0 days 11:28:00,0 days 07:28:00,-1 days +23:28:00,,0 days 10:00:00,
LA3822,-I,2026-06-16 11:28:00,2026-06-16 12:20:00,GRU,XAP,2026-06-16 14:00:00,2026-06-16 14:00:00,0 days 01:40:00,0 days 00:52:00,,0 days 00:40:00,,,,,,,,
LA3823,-M,2026-06-16 11:28:00,2026-06-16 14:40:00,XAP,GRU,2026-06-16 16:15:00,2026-06-16 16:15:00,0 days 01:35:00,,,0 days 02:35:00,,,,,,,,
LA3316,-F,2026-06-16 11:28:00,2026-06-16 18:50:00,GRU,FOR,2026-06-16 22:15:00,2026-06-16 22:45:00,0 days 03:25:00,,0 days 00:30:00,,0 days 11:17:00,0 days 15:05:00,0 days 03:05:00,-1 days +23:05:00,-1 days +15:05:00,,,
LA3487,-I,2026-06-17 13:50:00,2026-06-17 14:20:00,FOR,SSA,2026-06-17 16:05:00,2026-06-17 16:05:00,0 days 01:45:00,0 days 00:30:00,,0 days 01:35:00,,,,,,,,
LA3809,-M,2026-06-17 13:50:00,2026-06-17 17:40:00,SSA,BSB,2026-06-17 19:40:00,2026-06-17 19:40:00,0 days 02:00:00,,,0 days 01:40:00,,,,,,,,
LA3750,-F,2026-06-17 13:50:00,2026-06-17 21:20:00,BSB,MAO,2026-06-17 23:20:00,2026-06-17 23:50:00,0 days 02:00:00,,0 days 00:30:00,,0 days 10:00:00,0 days 18:00:00,0 days 06:00:00,0 days 02:00:00,-1 days +18:00:00,,,
LA3567,-IF,2026-06-18 17:50:00,2026-06-18 18:20:00,MAO,GRU,2026-06-18 23:10:00,2026-06-18 23:40:00,0 days 04:50:00,0 days 00:30:00,0 days 00:30:00,,0 days 05:50:00,0 days 21:19:00,0 days 09:19:00,0 days 05:19:00,-1 days +21:19:00,,,
OFF,-IF,2026-06-19 20:59:00,2026-06-19 20:59:00,GRU,GRU,2026-06-19 23:59:00,2026-06-19 23:59:00,0 days 03:00:00,,,,0 days 03:00:00,0 days 00:01:00,-1 days +12:01:00,-1 days +08:01:00,-1 days +00:01:00,,,
DR,-IF,2026-06-20 00:00:00,2026-06-20 00:00:00,GRU,GRU,2026-06-20 23:59:00,2026-06-20 23:59:00,0 days 23:59:00,,,,0 days 23:59:00,0 days 00:01:00,-1 days +12:01:00,-1 days +08:01:00,-1 days +00:01:00,,,
DR,-IF,2026-06-21 00:00:00,2026-06-21 00:00:00,GRU,GRU,2026-06-21 23:59:00,2026-06-21 23:59:00,0 days 23:59:00,,,,0 days 23:59:00,0 days 00:01:00,-1 days +12:01:00,-1 days +08:01:00,-1 days +00:01:00,,,
DR,-IF,2026-06-22 00:00:00,2026-06-22 00:00:00,GRU,GRU,2026-06-22 23:59:00,2026-06-22 23:59:00,0 days 23:59:00,,,,0 days 23:59:00,0 days 00:06:00,-1 days +12:06:00,-1 days +08:06:00,-1 days +00:06:00,,,
HSB,-IF,2026-06-23 00:05:00,2026-06-23 00:05:00,CGH,CGH,2026-06-23 12:00:00,2026-06-23 12:00:00,0 days 11:55:00,,,,0 days 11:55:00,1 days 04:23:00,0 days 16:23:00,0 days 12:23:00,0 days 04:23:00,,0 days 11:55:00,
LA3544,-I,2026-06-24 16:23:00,2026-06-24 17:20:00,GRU,GYN,2026-06-24 19:00:00,2026-06-24 19:00:00,0 days 01:40:00,0 days 00:57:00,,0 days 00:45:00,,,,,,,,
LA3131,-M,2026-06-24 16:23:00,2026-06-24 19:45:00,GYN,GRU,2026-06-24 21:25:00,2026-06-24 21:25:00,0 days 01:40:00,,,0 days 01:20:00,,,,,,,,
LA3426,-F,2026-06-24 16:23:00,2026-06-24 22:45:00,GRU,POA,2026-06-25 00:30:00,2026-06-25 01:00:00,0 days 01:45:00,,0 days 00:30:00,,0 days 08:37:00,0 days 12:50:00,0 days 00:50:00,-1 days +20:50:00,-1 days +12:50:00,,,
LA3421,-I,2026-06-25 13:50:00,2026-06-25 14:20:00,POA,GRU,2026-06-25 16:05:00,2026-06-25 16:05:00,0 days 01:45:00,0 days 00:30:00,,0 days 01:35:00,,,,,,,,
LA4550,-M,2026-06-25 13:50:00,2026-06-25 17:40:00,GRU,CWB,2026-06-25 18:40:00,2026-06-25 18:40:00,0 days 01:00:00,,,0 days 00:50:00,,,,,,,,
LA3291,-M,2026-06-25 13:50:00,2026-06-25 19:30:00,CWB,GRU,2026-06-25 20:45:00,2026-06-25 20:45:00,0 days 01:15:00,,,0 days 01:25:00,,,,,,,,
LA3206,-F,2026-06-25 13:50:00,2026-06-25 22:10:00,GRU,IGU,2026-06-25 23:55:00,2026-06-26 00:25:00,0 days 01:45:00,,0 days 00:30:00,,0 days 10:35:00,0 days 13:50:00,0 days 01:50:00,-1 days +21:50:00,-1 days +13:50:00,,,
LA3879,-I,2026-06-26 14:15:00,2026-06-26 14:50:00,IGU,GRU,2026-06-26 16:35:00,2026-06-26 16:35:00,0 days 01:45:00,0 days 00:35:00,,0 days 02:15:00,,,,,,,,
LA3562,-F,2026-06-26 14:15:00,2026-06-26 18:50:00,GRU,MAO,2026-06-26 21:45:00,2026-06-26 22:15:00,0 days 02:55:00,,0 days 00:30:00,,0 days 08:00:00,0 days 12:50:00,0 days 00:50:00,-1 days +20:50:00,-1 days +12:50:00,,,
LA3469,-I,2026-06-27 11:05:00,2026-06-27 11:40:00,MAO,GRU,2026-06-27 16:35:00,2026-06-27 16:35:00,0 days 04:55:00,0 days 00:35:00,,0 days 01:35:00,,,,,,,,
LA3790,-M,2026-06-27 11:05:00,2026-06-27 18:10:00,GRU,CNF,2026-06-27 19:20:00,2026-06-27 19:20:00,0 days 01:10:00,,,0 days 01:00:00,,,,,,,,
LA3557,-F,2026-06-27 11:05:00,2026-06-27 20:20:00,CNF,GRU,2026-06-27 21:40:00,2026-06-27 22:10:00,0 days 01:20:00,,0 days 00:30:00,,0 days 11:05:00,0 days 15:00:00,0 days 03:00:00,-1 days +23:00:00,-1 days +15:00:00,,,
DO,-IF,2026-06-28 13:10:00,2026-06-28 13:10:00,GRU,GRU,2026-06-29 13:09:00,2026-06-29 13:09:00,0 days 23:59:00,,,,0 days 23:59:00,0 days 00:01:00,-1 days +12:01:00,-1 days +08:01:00,-1 days +00:01:00,,,
DO,-IF,2026-06-29 13:10:00,2026-06-29 13:10:00,GRU,GRU,2026-06-30 13:09:00,2026-06-30 13:09:00,0 days 23:59:00,,,,0 days 23:59:00,0 days 00:01:00,-1 days +12:01:00,-1 days +08:01:00,-1 days +00:01:00,,,
DO,-IF,2026-06-30 13:10:00,2026-06-30 13:10:00,GRU,GRU,2026-07-01 13:09:00,2026-07-01 13:09:00,0 days 23:59:00,,,,0 days 23:59:00,,,,,,,
